-- phpMyAdmin SQL Dump
-- version 5.2.1
-- https://www.phpmyadmin.net/
--
-- Host: 127.0.0.1
-- Generation Time: Apr 14, 2026 at 06:30 AM
-- Server version: 10.4.32-MariaDB
-- PHP Version: 8.1.25

SET SQL_MODE = "NO_AUTO_VALUE_ON_ZERO";
START TRANSACTION;
SET time_zone = "+00:00";


/*!40101 SET @OLD_CHARACTER_SET_CLIENT=@@CHARACTER_SET_CLIENT */;
/*!40101 SET @OLD_CHARACTER_SET_RESULTS=@@CHARACTER_SET_RESULTS */;
/*!40101 SET @OLD_COLLATION_CONNECTION=@@COLLATION_CONNECTION */;
/*!40101 SET NAMES utf8mb4 */;

--
-- Database: `displayqc`
--

-- --------------------------------------------------------

--
-- Table structure for table `master_lines`
--

CREATE TABLE `master_lines` (
  `id` int(11) NOT NULL,
  `category` varchar(20) NOT NULL,
  `catalog_line` varchar(100) NOT NULL,
  `created_at` timestamp NOT NULL DEFAULT current_timestamp()
) ENGINE=InnoDB DEFAULT CHARSET=utf8mb4 COLLATE=utf8mb4_general_ci;

--
-- Dumping data for table `master_lines`
--

INSERT INTO `master_lines` (`id`, `category`, `catalog_line`, `created_at`) VALUES
(1, 'CONROD', 'LINE 1', '2026-03-16 06:32:33'),
(2, 'CONROD', 'LINE 2', '2026-03-16 06:32:33'),
(3, 'CONROD', 'LINE 3', '2026-03-16 06:32:33'),
(4, 'CONROD', 'LINE 4', '2026-03-16 06:32:33'),
(5, 'CONROD', 'LINE 5', '2026-03-16 06:32:33'),
(6, 'CONROD', 'LINE 6', '2026-03-16 06:32:33'),
(7, 'MS1', 'GEAR CASE LINE 1', '2026-03-16 06:32:33'),
(8, 'MS1', 'GEAR CASE LINE 2', '2026-03-16 06:32:33'),
(9, 'MS1', 'CYL HEAD LINE 1', '2026-03-16 06:32:33'),
(10, 'MS1', 'CYL HEAD LINE 2', '2026-03-16 06:32:33'),
(11, 'MS1', 'CYL BODY LINE1', '2026-03-16 06:32:33'),
(12, 'MS1', 'CYL BODY LINE2', '2026-03-16 06:32:33'),
(13, 'MS1', 'FOP 1', '2026-03-16 06:32:33'),
(14, 'MS1', 'FOP 2', '2026-03-16 06:32:33'),
(15, 'MS1', 'FOP 3', '2026-03-16 06:32:33'),
(16, 'MS2', 'LINE 1', '2026-03-16 06:32:33');

-- --------------------------------------------------------

--
-- Table structure for table `master_machines`
--

CREATE TABLE `master_machines` (
  `id` int(11) NOT NULL,
  `category` varchar(20) NOT NULL,
  `machine_jig_catalog` varchar(150) NOT NULL,
  `created_at` timestamp NOT NULL DEFAULT current_timestamp()
) ENGINE=InnoDB DEFAULT CHARSET=utf8mb4 COLLATE=utf8mb4_general_ci;

--
-- Dumping data for table `master_machines`
--

INSERT INTO `master_machines` (`id`, `category`, `machine_jig_catalog`, `created_at`) VALUES
(67, 'CONROD', 'OP100 A PALET 1', '2026-04-14 01:54:24'),
(68, 'CONROD', 'OP100 A PALET 2', '2026-04-14 01:54:24'),
(69, 'CONROD', 'OP100 B PALET 1', '2026-04-14 01:54:24'),
(70, 'CONROD', 'OP100 B PALET 2', '2026-04-14 01:54:24'),
(71, 'CONROD', 'OP160 PALET 1 JIG 1', '2026-04-14 01:54:24'),
(72, 'CONROD', 'OP160 PALET 1 JIG 2', '2026-04-14 01:54:24'),
(73, 'CONROD', 'OP160 PALET 2 JIG 1', '2026-04-14 01:54:24'),
(74, 'CONROD', 'OP160 PALET 2 JIG 2', '2026-04-14 01:54:24'),
(75, 'CONROD', 'OP160 JIG 1', '2026-04-14 01:54:24'),
(76, 'CONROD', 'OP160 JIG 2', '2026-04-14 01:54:24'),
(77, 'CONROD', 'OP160 A', '2026-04-14 01:54:24'),
(78, 'CONROD', 'OP160 B', '2026-04-14 01:54:24'),
(79, 'CONROD', 'GANTI MANUAL', '2026-04-14 01:54:24'),
(80, 'CONROD', 'FULL CEK SAMPLING', '2026-04-14 01:54:24'),
(81, 'CONROD', 'TRIAL', '2026-04-14 01:54:24'),
(82, 'CONROD', 'HARDNESS CHECK', '2026-04-14 01:54:24'),
(83, 'MS1', 'MC 001 SPN', '2026-04-14 01:54:24'),
(84, 'MS1', 'MC 002 NEW', '2026-04-14 01:54:24'),
(85, 'MS1', 'MC 003 OLD', '2026-04-14 01:54:24'),
(86, 'MS1', 'MC 004 BROTHER', '2026-04-14 01:54:24'),
(87, 'MS1', 'CH LINE 1 JIG 1', '2026-04-14 01:54:24'),
(88, 'MS1', 'CH LINE 1 JIG 2', '2026-04-14 01:54:24'),
(89, 'MS1', 'CH LINE 2 JIG 1', '2026-04-14 01:54:24'),
(90, 'MS1', 'CH LINE 2 JIG 2', '2026-04-14 01:54:24'),
(91, 'MS1', 'CB LINE 1 JIG 1', '2026-04-14 01:54:24'),
(92, 'MS1', 'CB LINE 1 JIG 2', '2026-04-14 01:54:24'),
(93, 'MS1', 'CB LINE 2 JIG 1', '2026-04-14 01:54:24'),
(94, 'MS1', 'CB LINE 2 JIG 2', '2026-04-14 01:54:24'),
(95, 'MS1', 'FOP LINE 1 JIG 1', '2026-04-14 01:54:24'),
(96, 'MS1', 'FOP LINE 1 JIG 2', '2026-04-14 01:54:24'),
(97, 'MS1', 'FOP LINE 2 PALET A JIG 1', '2026-04-14 01:54:24'),
(98, 'MS1', 'FOP LINE 2 PALET A JIG 2', '2026-04-14 01:54:24'),
(99, 'MS1', 'FOP LINE 2 PALET B JIG 1', '2026-04-14 01:54:24'),
(100, 'MS1', 'FOP LINE 2 PALET B JIG 2', '2026-04-14 01:54:24'),
(101, 'MS1', 'FOP LINE 3 PALET A JIG 1', '2026-04-14 01:54:24'),
(102, 'MS1', 'FOP LINE 3 PALET A JIG 2', '2026-04-14 01:54:24'),
(103, 'MS1', 'FOP LINE 3 PALET B JIG 1', '2026-04-14 01:54:24'),
(104, 'MS1', 'FOP LINE 3 PALET B JIG 2', '2026-04-14 01:54:24'),
(105, 'MS1', 'GANTI MANUAL', '2026-04-14 01:54:24'),
(106, 'MS1', 'FULL CEK SAMPLING', '2026-04-14 01:54:24'),
(107, 'MS1', 'TRIAL', '2026-04-14 01:54:24'),
(108, 'MS1', 'HARDNESS CHECK', '2026-04-14 01:54:24'),
(109, 'MS2', 'OP 07 PALET 1 JIG 1', '2026-04-14 01:54:24'),
(110, 'MS2', 'OP 07 PALET 1 JIG 2', '2026-04-14 01:54:24'),
(111, 'MS2', 'OP 07 PALET 1 JIG 3', '2026-04-14 01:54:24'),
(112, 'MS2', 'OP 07 PALET 1 JIG 4', '2026-04-14 01:54:24'),
(113, 'MS2', 'OP 07 PALET 1 JIG 5', '2026-04-14 01:54:24'),
(114, 'MS2', 'OP 07 PALET 1 JIG 6', '2026-04-14 01:54:24'),
(115, 'MS2', 'OP 07 PALET 1 JIG 7', '2026-04-14 01:54:24'),
(116, 'MS2', 'OP 08 PALET 1 JIG 1', '2026-04-14 01:54:24'),
(117, 'MS2', 'OP 08 PALET 1 JIG 2', '2026-04-14 01:54:24'),
(118, 'MS2', 'OP 08 PALET 1 JIG 3', '2026-04-14 01:54:24'),
(119, 'MS2', 'OP 08 PALET 1 JIG 4', '2026-04-14 01:54:24'),
(120, 'MS2', 'OP 08 PALET 1 JIG 5', '2026-04-14 01:54:24'),
(121, 'MS2', 'OP 08 PALET 1 JIG 6', '2026-04-14 01:54:24'),
(122, 'MS2', 'OP 08 PALET 1 JIG 7', '2026-04-14 01:54:24'),
(123, 'MS2', 'OP 09 PALET 1 JIG 1', '2026-04-14 01:54:24'),
(124, 'MS2', 'OP 09 PALET 1 JIG 2', '2026-04-14 01:54:24'),
(125, 'MS2', 'OP 09 PALET 1 JIG 3', '2026-04-14 01:54:24'),
(126, 'MS2', 'OP 09 PALET 1 JIG 4', '2026-04-14 01:54:24'),
(127, 'MS2', 'OP 09 PALET 1 JIG 5', '2026-04-14 01:54:24'),
(128, 'MS2', 'OP 09 PALET 1 JIG 6', '2026-04-14 01:54:24'),
(129, 'MS2', 'OP 09 PALET 1 JIG 7', '2026-04-14 01:54:24'),
(130, 'MS2', 'OP 08 PALET 1 JIG 1', '2026-04-14 01:54:24'),
(131, 'MS2', 'OP 08 PALET 1 JIG 2', '2026-04-14 01:54:24'),
(132, 'MS2', 'GANTI MANUAL', '2026-04-14 01:54:24'),
(133, 'MS2', 'FULL CEK SAMPLING', '2026-04-14 01:54:24'),
(134, 'MS2', 'TRIAL', '2026-04-14 01:54:24'),
(135, 'MS2', 'HARDNESS CHECK', '2026-04-14 01:54:24');

-- --------------------------------------------------------

--
-- Table structure for table `master_parts`
--

CREATE TABLE `master_parts` (
  `id` int(11) NOT NULL,
  `category` varchar(20) NOT NULL,
  `part_no` varchar(30) NOT NULL,
  `part_name` varchar(150) NOT NULL,
  `created_at` timestamp NOT NULL DEFAULT current_timestamp()
) ENGINE=InnoDB DEFAULT CHARSET=utf8mb4 COLLATE=utf8mb4_general_ci;

--
-- Dumping data for table `master_parts`
--

INSERT INTO `master_parts` (`id`, `category`, `part_no`, `part_name`, `created_at`) VALUES
(109, 'CONROD', '10510G-23050', 'NF 60', '2026-03-16 06:24:39'),
(110, 'CONROD', '10530G-23050', 'NF 80', '2026-03-16 06:24:39'),
(111, 'CONROD', '10550G-23050', 'NF 110', '2026-03-16 06:24:39'),
(112, 'CONROD', '10570G-23010', 'NFD 150', '2026-03-16 06:24:39'),
(113, 'CONROD', '10589G-23010', 'TS190', '2026-03-16 06:24:39'),
(114, 'CONROD', '10599G-23010', 'TS230', '2026-03-16 06:24:39'),
(115, 'CONROD', '10590G-23010', 'TF300', '2026-03-16 06:24:39'),
(116, 'CONROD', '119125-23000', '3TNM68', '2026-03-16 06:24:39'),
(117, 'CONROD', '119515-23001', '3TNV70', '2026-03-16 06:24:39'),
(118, 'CONROD', '119717-23001', '3TNV76', '2026-03-16 06:24:39'),
(119, 'CONROD', '119E10-23001', '3TNV80F', '2026-03-16 06:24:39'),
(120, 'CONROD', '129150-23100', '3TNV88', '2026-03-16 06:24:39'),
(121, 'CONROD', '719000-23100', '3TN100', '2026-03-16 06:24:39'),
(122, 'CONROD', '129573-23000', '4JH2', '2026-03-16 06:24:39'),
(123, 'CONROD', '119173-23001', '4LHDTE', '2026-03-16 06:24:39'),
(124, 'CONROD', '129900-23001', '4TNE94', '2026-03-16 06:24:39'),
(125, 'CONROD', '129978-23000', '4TNV94HT-Z', '2026-03-16 06:24:39'),
(126, 'CONROD', '123900-23000', '4TNE106', '2026-03-16 06:24:39'),
(127, 'CONROD', '119595-23011', '6LY2-ST', '2026-03-16 06:24:39'),
(128, 'CONROD', '129C05-23000', '3TN86CHT', '2026-03-16 06:24:39'),
(129, 'CONROD', '129G01-23000', '4TNV107HT', '2026-03-16 06:24:39'),
(130, 'CONROD', '129H01-23000', '4TNV101FHT (X9)', '2026-03-16 06:24:39'),
(131, 'MS1', '105100-01391', 'GEAR CASE TF 55', '2026-03-16 06:24:39'),
(132, 'MS1', '105192-01391', 'GEAR CASE TF 70 LY', '2026-03-16 06:24:39'),
(133, 'MS1', '10540H-01400', 'GEAR CASE TF 85 M', '2026-03-16 06:24:39'),
(134, 'MS1', '10547H-01400', 'GEAR CASE TF 85 MLY', '2026-03-16 06:24:39'),
(135, 'MS1', '10560H-01400', 'GEAR CASE TF 105/115 M', '2026-03-16 06:24:39'),
(136, 'MS1', '10567H-01400', 'GEAR CASE TF 105/115 LY', '2026-03-16 06:24:39'),
(137, 'MS1', '105700-01390', 'GEAR CASE TF 135 / 155', '2026-03-16 06:24:39'),
(138, 'MS1', '105700-01402', 'GEAR CASE TF 160', '2026-03-16 06:24:39'),
(139, 'MS1', '105890-01401', 'GEAR CASE TS 190', '2026-03-16 06:24:39'),
(140, 'MS1', '105990-01401', 'GEAR CASE TS 230', '2026-03-16 06:24:39'),
(141, 'MS1', '105900-01400', 'GEAR CASE TF 300', '2026-03-16 06:24:39'),
(142, 'MS1', '105100-11010', 'CYL HEAD TF 55/65', '2026-03-16 06:24:39'),
(143, 'MS1', '105300-11010', 'CYL HEAD TF 75/85', '2026-03-16 06:24:39'),
(144, 'MS1', '105500-11010', 'CYL HEAD TF 105/115', '2026-03-16 06:24:39'),
(145, 'MS1', '105700-11010', 'CYL HEAD TF 135/160', '2026-03-16 06:24:39'),
(146, 'MS1', '105990-11910', 'CYL HEAD TS 190', '2026-03-16 06:24:39'),
(147, 'MS1', '105990-11910', 'CYL HEAD TS 230', '2026-03-16 06:24:39'),
(148, 'MS1', '105900-11010', 'CYL HEAD TF 300', '2026-03-16 06:24:39'),
(149, 'MS1', '105105-01010', 'CYL BODY TF 55/65', '2026-03-16 06:24:39'),
(150, 'MS1', '105300-01010', 'CYL BODY TF 75/85', '2026-03-16 06:24:39'),
(151, 'MS1', '105100-01010', 'CYL BODY TF 70 LY', '2026-03-16 06:24:39'),
(152, 'MS1', '105700-01011', 'CYL BODY TF 135/160', '2026-03-16 06:24:39'),
(153, 'MS1', '105890-01011', 'CYL BODY TS 190', '2026-03-16 06:24:39'),
(154, 'MS1', '105990-01011', 'CYL BODY TS 230', '2026-03-16 06:24:39'),
(155, 'MS1', '105900-01010', 'CYL BODY TF 300', '2026-03-16 06:24:39'),
(156, 'MS1', '105500-51011', 'F/O PUMP TF 55-115', '2026-03-16 06:24:39'),
(157, 'MS1', '105700-51010', 'F/O PUMP TF 135-160', '2026-03-16 06:24:39'),
(158, 'MS1', '105990-51012', 'F/O PUMP TS 190/230', '2026-03-16 06:24:39'),
(159, 'MS1', '105990-51010', 'F/O PUMP TF 300', '2026-03-16 06:24:39'),
(160, 'MS2', '105100-21010', 'CRANKSHAFT TF 55/65', '2026-03-16 06:24:39'),
(161, 'MS2', '10530H-21010', 'CRANKSHAFT TF 75/85', '2026-03-16 06:24:39'),
(162, 'MS2', '10550H-21010', 'CRANKSHAFT TF 105/115', '2026-03-16 06:24:39'),
(163, 'MS2', '105700-21010', 'CRANKSHAFT TF 135/155', '2026-03-16 06:24:39'),
(164, 'MS2', '105710-21010', 'CRANKSHAFT TF 150 NL2', '2026-03-16 06:24:39'),
(165, 'MS2', '105190-28250', 'BALANCER SHAFT NF 60', '2026-03-16 06:24:39'),
(166, 'MS2', '105300-28251', 'BALANCER SHAFT NF 80/90', '2026-03-16 06:24:39'),
(167, 'MS2', '105500-28251', 'BALANCER SHAFT TF 110/115', '2026-03-16 06:24:39'),
(168, 'MS2', '105700-28251', 'BALANCER SHAFT TF 135/155', '2026-03-16 06:24:39'),
(169, 'MS2', '105890-28270', 'BALANCER SHAFT TS 190', '2026-03-16 06:24:39'),
(170, 'MS2', '105990-28270', 'BALANCER SHAFT TS 230', '2026-03-16 06:24:39'),
(171, 'MS2', '10571H-28250', 'BALANCER SHAFT TF 150 NL', '2026-03-16 06:24:39'),
(172, 'MS2', '105200-01100', 'CYL.LINER TF 65', '2026-03-16 06:24:39'),
(173, 'MS2', '105300-01100', 'CYL.LINER TF 75', '2026-03-16 06:24:39'),
(174, 'MS2', '105400-01100', 'CYL.LINER NF 90', '2026-03-16 06:24:39'),
(175, 'MS2', '105500-01100', 'CYL.LINER TF 105/110', '2026-03-16 06:24:39'),
(176, 'MS2', '105600-01100', 'CYL.LINER TF115 /120', '2026-03-16 06:24:39'),
(177, 'MS2', '105700-01100', 'CYL.LINER TF 135 OLD', '2026-03-16 06:24:39'),
(178, 'MS2', '10571H-01100', 'CYL.LINER TF 150 NL', '2026-03-16 06:24:39'),
(179, 'MS2', '105800-01100', 'CYL.LINER TF155 / 170', '2026-03-16 06:24:39'),
(180, 'MS2', '105950-01101', 'CYL.LINER TF 300', '2026-03-16 06:24:39'),
(181, 'MS2', '105890-01100', 'CYL.LINER TS 190', '2026-03-16 06:24:39'),
(182, 'MS2', '105990-01100', 'CYL.LINER TS 230', '2026-03-16 06:24:39'),
(183, 'MS2', '105090-01100', 'CYL.LINER NFA50 LAMA', '2026-03-16 06:24:39'),
(184, 'MS2', '105090-01100', 'CYL.LINER NFA50', '2026-03-16 06:24:39'),
(185, 'MS2', '105100-01100', 'CYL.LINER NFA60', '2026-03-16 06:24:39'),
(186, 'MS2', '105050-01100', 'CYL.LINER NFAD5', '2026-03-16 06:24:39'),
(187, 'MS2', '105100-11200', 'ROCKER ARM NF 60 Suct', '2026-03-16 06:24:39'),
(188, 'MS2', '105100-11210', 'ROCKER ARM NF 60 Exh', '2026-03-16 06:24:39'),
(189, 'MS2', '105300-11200', 'ROCKER ARM NF 80 Suct', '2026-03-16 06:24:39'),
(190, 'MS2', '105300-11210', 'ROCKER ARM NF 80 Exh', '2026-03-16 06:24:39'),
(191, 'MS2', '105500-11200', 'ROCKER ARM NF 110 Suct', '2026-03-16 06:24:39'),
(192, 'MS2', '105500-11210', 'ROCKER ARM NF 110 Exh', '2026-03-16 06:24:39'),
(193, 'MS2', '105700-11200', 'ROCKER ARM NF 150 Suct', '2026-03-16 06:24:39'),
(194, 'MS2', '105700-11210', 'ROCKER ARM NF 150 Exh', '2026-03-16 06:24:39'),
(195, 'MS2', '105990-11200', 'ROCKER ARM TS 190 / 230 SUCT', '2026-03-16 06:24:39'),
(196, 'MS2', '105990-11210', 'ROCKER ARM TS 190/230 EXH', '2026-03-16 06:24:39'),
(197, 'MS2', '105100-02010', 'MAIN BEARING HOUSING TF 55/65', '2026-03-16 06:24:39'),
(198, 'MS2', '10530H-02010', 'MAIN BEARING HOUSING TF 75/85', '2026-03-16 06:24:39'),
(199, 'MS2', '10550G-02010', 'MAIN BEARING HOUSING TF 105/115', '2026-03-16 06:24:39'),
(200, 'MS2', '50571H-02050', 'MAIN BEARING HOUSING TF 150 NL', '2026-03-16 06:24:39'),
(201, 'MS2', '10570G-02010', 'MAIN BEARING HOUSING TF 135/155', '2026-03-16 06:24:39'),
(202, 'MS2', '106900-02020', 'MAIN BEARING HOUSING TS 190', '2026-03-16 06:24:39'),
(203, 'MS2', '105990-02011', 'MAIN BEARING HOUSING TS 230', '2026-03-16 06:24:39'),
(204, 'MS2', '105900-02010', 'MAIN BEARING HOUSING TF 300', '2026-03-16 06:24:39'),
(205, 'MS2', '105100-21100', 'BALANCE WEIGHT TF 55/65', '2026-03-16 06:24:39'),
(206, 'MS2', '105300-21100', 'BALANCE WEIGHT NF 80', '2026-03-16 06:24:39'),
(207, 'MS2', '105405-21100', 'BALANCE WEIGHT NF 85LY', '2026-03-16 06:24:39'),
(208, 'MS2', '105500-21100', 'BALANCE WEIGHT NF 110', '2026-03-16 06:24:39'),
(209, 'MS2', '105990-21100', 'BALANCE WEIGHT TS 230', '2026-03-16 06:24:39'),
(210, 'MS2', '105890-21100', 'BALANCE WEIGHT TS 190', '2026-03-16 06:24:39'),
(211, 'MS2', '105190-21100', 'BALANCE WEIGHT NF60', '2026-03-16 06:24:39'),
(212, 'MS2', '105700-21100', 'BALANCE WEIGHT NF 150', '2026-03-16 06:24:39'),
(213, 'MS2', '105900-61110', 'GOVERNOR WEIGHT SUPP. TF 300', '2026-03-16 06:24:39'),
(214, 'MS2', '105900-12030', 'EXH MANIPOLD TF 300', '2026-03-16 06:24:39'),
(215, 'MS2', '105900-12030', 'ELBOW INTAKE TF 300', '2026-03-16 06:24:39'),
(216, 'MS2', '105900-55240', 'STAY FO.TANK TF 300', '2026-03-16 06:24:39');

-- --------------------------------------------------------

--
-- Table structure for table `sampling_orders`
--

CREATE TABLE `sampling_orders` (
  `id` int(11) NOT NULL,
  `order_code` varchar(30) NOT NULL,
  `category` varchar(20) NOT NULL,
  `part_id` int(11) NOT NULL,
  `line_id` int(11) NOT NULL,
  `machine_id` int(11) NOT NULL,
  `qty` int(11) DEFAULT 1,
  `created_by` int(11) DEFAULT NULL,
  `created_at` timestamp NOT NULL DEFAULT current_timestamp(),
  `status` enum('waiting','in_progress','partial_done','done') NOT NULL DEFAULT 'waiting'
) ENGINE=InnoDB DEFAULT CHARSET=utf8mb4 COLLATE=utf8mb4_general_ci;

--
-- Dumping data for table `sampling_orders`
--

INSERT INTO `sampling_orders` (`id`, `order_code`, `category`, `part_id`, `line_id`, `machine_id`, `qty`, `created_by`, `created_at`, `status`) VALUES
(1, 'ORD-20260317020520', 'CONROD', 121, 1, 7, 1, 2, '2026-03-17 01:05:20', 'done'),
(2, 'ORD-20260317020541', 'MS1', 155, 12, 28, 1, 2, '2026-03-17 01:05:41', 'done'),
(3, 'ORD-20260317022339', 'CONROD', 117, 4, 9, 1, 2, '2026-03-17 01:23:39', 'done'),
(4, 'ORD-20260317023716', 'MS1', 155, 9, 26, 1, 2, '2026-03-17 01:37:16', 'done'),
(5, 'ORD-20260317024140', 'MS1', 151, 9, 29, 1, 2, '2026-03-17 01:41:40', 'done'),
(6, 'ORD-20260317024201', 'MS2', 211, 16, 57, 1, 1, '2026-03-17 01:42:01', 'done'),
(7, 'ORD-20260317025218', 'CONROD', 116, 2, 7, 1, 1, '2026-03-17 01:52:18', 'done'),
(8, 'ORD-20260317025908', 'MS1', 150, 14, 19, 1, 1, '2026-03-17 01:59:08', 'done'),
(9, 'ORD-20260317085827', 'MS2', 206, 16, 48, 1, 2, '2026-03-17 07:58:27', 'done'),
(10, 'ORD-20260317085835', 'MS2', 212, 16, 48, 1, 2, '2026-03-17 07:58:35', 'done'),
(11, 'ORD-20260318011524', 'MS1', 151, 15, 30, 1, 2, '2026-03-18 00:15:24', 'done'),
(12, 'ORD-20260318014426', 'MS1', 151, 7, 31, 1, 2, '2026-03-18 00:44:26', 'done'),
(13, 'ORD-20260318014440', 'MS2', 212, 16, 55, 1, 2, '2026-03-18 00:44:40', 'done'),
(14, 'ORD-20260318014455', 'MS2', 207, 16, 48, 1, 2, '2026-03-18 00:44:55', 'done'),
(15, 'ORD-20260318040947', 'CONROD', 128, 3, 12, 1, 2, '2026-03-18 03:09:47', 'done'),
(16, 'ORD-20260318041957', 'MS1', 149, 15, 25, 1, 2, '2026-03-18 03:19:57', 'done'),
(17, 'ORD-20260318050129', 'CONROD', 128, 3, 2, 1, 2, '2026-03-18 04:01:29', 'done'),
(18, 'ORD-20260318051806', 'CONROD', 128, 3, 12, 1, 2, '2026-03-18 04:18:06', 'done'),
(20, 'ORD-20260318071117', 'CONROD', 130, 6, 1, 1, 2, '2026-03-18 06:11:17', 'done'),
(22, 'ORD-20260318083407', 'MS1', 149, 12, 32, 1, 2, '2026-03-18 07:34:07', 'done'),
(25, 'ORD-20260318093433', 'MS2', 206, 16, 49, 1, 2, '2026-03-18 08:34:33', 'partial_done'),
(26, 'ORD-20260331024117', 'CONROD', 109, 2, 7, 1, 4, '2026-03-31 00:41:17', 'done'),
(27, 'ORD-20260402054609', 'MS1', 155, 13, 25, 1, 4, '2026-04-02 03:46:09', 'done'),
(28, 'ORD-20260402054622', 'CONROD', 128, 2, 5, 1, 4, '2026-04-02 03:46:22', 'done'),
(29, 'ORD-20260402110943', 'MS1', 149, 9, 30, 1, 4, '2026-04-02 09:09:43', 'done'),
(30, 'ORD-20260406044442', 'CONROD', 116, 3, 5, 1, 5, '2026-04-06 02:44:42', 'done'),
(31, 'ORD-20260406044452', 'MS1', 149, 12, 29, 1, 5, '2026-04-06 02:44:52', 'done'),
(32, 'ORD-20260406045950', 'CONROD', 124, 6, 12, 1, 1, '2026-04-06 02:59:50', 'done'),
(33, 'ORD-20260406052916', 'MS2', 163, 16, 57, 1, 3, '2026-04-06 03:29:16', 'done'),
(34, 'ORD-20260406080340', 'CONROD', 116, 3, 7, 1, 2, '2026-04-06 06:03:40', 'done'),
(35, 'ORD-20260406080350', 'CONROD', 116, 1, 7, 1, 2, '2026-04-06 06:03:50', 'done'),
(36, 'ORD-20260406080638', 'CONROD', 128, 3, 4, 1, 3, '2026-04-06 06:06:38', 'done'),
(37, 'ORD-20260406081458', 'MS2', 208, 16, 47, 1, 18, '2026-04-06 06:14:58', 'done'),
(38, 'ORD-20260406081508', 'MS1', 149, 10, 29, 1, 18, '2026-04-06 06:15:08', 'done'),
(39, 'ORD-20260407031319', 'MS1', 155, 14, 29, 1, 6, '2026-04-07 01:13:19', 'done'),
(40, 'ORD-20260407041056', 'MS2', 206, 16, 57, 1, 6, '2026-04-07 02:10:56', 'done'),
(41, 'ORD-20260407043855', 'MS1', 138, 13, 34, 1, 6, '2026-04-07 02:38:55', 'done'),
(42, 'ORD-20260407044146', 'CONROD', 116, 1, 11, 1, 6, '2026-04-07 02:41:46', 'done'),
(43, 'ORD-20260407045525', 'CONROD', 125, 2, 12, 1, 21, '2026-04-07 02:55:25', 'done'),
(45, 'ORD-20260407051206', 'MS2', 179, 16, 57, 1, 18, '2026-04-07 03:12:06', 'partial_done'),
(46, 'ORD-20260407051402', 'CONROD', 125, 2, 12, 1, 21, '2026-04-07 03:14:02', 'done'),
(47, 'ORD-20260407051454', 'MS2', 166, 16, 57, 1, 18, '2026-04-07 03:14:54', 'done'),
(48, 'ORD-20260407052048', 'CONROD', 128, 2, 6, 1, 6, '2026-04-07 03:20:48', 'done'),
(50, 'ORD-20260407054901', 'CONROD', 128, 1, 8, 1, 6, '2026-04-07 03:49:01', 'done'),
(51, 'ORD-20260407055401', 'CONROD', 128, 1, 7, 1, 6, '2026-04-07 03:54:01', 'done'),
(52, 'ORD-20260407060815', 'MS2', 208, 16, 50, 1, 6, '2026-04-07 04:08:15', 'done'),
(53, 'ORD-20260407075601', 'CONROD', 124, 6, 12, 1, 15, '2026-04-07 05:56:01', 'done'),
(54, 'ORD-20260407080138', 'CONROD', 117, 1, 12, 1, 21, '2026-04-07 06:01:38', 'done'),
(55, 'ORD-20260407081056', 'MS2', 161, 16, 57, 1, 18, '2026-04-07 06:10:56', 'done'),
(58, 'ORD-20260408022135', 'CONROD', 117, 1, 1, 1, 21, '2026-04-08 00:21:35', 'done'),
(59, 'ORD-20260408022245', 'CONROD', 117, 1, 1, 1, 21, '2026-04-08 00:22:45', 'done'),
(60, 'ORD-20260408023721', 'CONROD', 117, 1, 9, 1, 21, '2026-04-08 00:37:21', 'done'),
(61, 'ORD-20260408025721', 'CONROD', 118, 5, 11, 2, 15, '2026-04-08 00:57:21', 'done'),
(63, 'ORD-20260408030220', 'CONROD', 120, 4, 14, 1, 15, '2026-04-08 01:02:20', 'done'),
(64, 'ORD-20260408030452', 'MS2', 179, 16, 63, 1, 18, '2026-04-08 01:04:52', 'done'),
(66, 'ORD-20260408031049', 'CONROD', 120, 4, 14, 1, 15, '2026-04-08 01:10:49', 'done'),
(67, 'ORD-20260408031830', 'CONROD', 125, 2, 14, 1, 21, '2026-04-08 01:18:30', 'done'),
(68, 'ORD-20260408033141', 'MS2', 161, 16, 63, 1, 18, '2026-04-08 01:31:41', 'done'),
(69, 'ORD-20260408033220', 'MS2', 166, 16, 63, 1, 18, '2026-04-08 01:32:20', 'done'),
(70, 'ORD-20260408033549', 'CONROD', 128, 1, 15, 1, 6, '2026-04-08 01:35:49', 'done'),
(71, 'ORD-20260408034012', 'CONROD', 124, 6, 14, 1, 15, '2026-04-08 01:40:12', 'done'),
(72, 'ORD-20260408035643', 'CONROD', 128, 3, 14, 1, 21, '2026-04-08 01:56:43', 'done'),
(73, 'ORD-20260408041340', 'CONROD', 125, 2, 14, 1, 21, '2026-04-08 02:13:40', 'done'),
(74, 'ORD-20260408043638', 'CONROD', 124, 6, 14, 1, 15, '2026-04-08 02:36:38', 'done'),
(75, 'ORD-20260408060046', 'MS2', 206, 16, 65, 1, 18, '2026-04-08 04:00:46', 'done'),
(76, 'ORD-20260408062031', 'CONROD', 120, 4, 14, 1, 15, '2026-04-08 04:20:31', 'partial_done'),
(77, 'ORD-20260408063424', 'MS2', 198, 16, 65, 1, 18, '2026-04-08 04:34:24', 'done'),
(78, 'ORD-20260408063509', 'CONROD', 128, 3, 14, 1, 21, '2026-04-08 04:35:09', 'done'),
(80, 'ORD-20260408075724', 'MS2', 202, 16, 65, 1, 18, '2026-04-08 05:57:24', 'done'),
(81, 'ORD-20260408095952', 'CONROD', 118, 5, 14, 1, 21, '2026-04-08 07:59:52', 'done'),
(83, 'ORD-20260408101337', 'CONROD', 118, 3, 15, 1, 7, '2026-04-08 08:13:37', 'done'),
(90, 'ORD-20260408111344', 'CONROD', 124, 6, 14, 1, 14, '2026-04-08 09:13:44', 'partial_done'),
(91, 'ORD-20260408111630', 'MS2', 161, 16, 65, 1, 13, '2026-04-08 09:16:30', 'done'),
(92, 'ORD-20260408111845', 'MS2', 161, 16, 65, 1, 13, '2026-04-08 09:18:45', 'partial_done'),
(93, 'ORD-20260409022332', 'CONROD', 117, 1, 14, 1, 21, '2026-04-09 00:23:32', 'done'),
(94, 'ORD-20260409022352', 'CONROD', 128, 3, 14, 1, 21, '2026-04-09 00:23:52', 'done'),
(95, 'ORD-20260409022420', 'CONROD', 125, 2, 14, 1, 21, '2026-04-09 00:24:20', 'done'),
(96, 'ORD-20260409041544', 'MS2', 161, 16, 65, 1, 13, '2026-04-09 02:15:44', 'done'),
(97, 'ORD-20260409041656', 'MS2', 198, 16, 65, 1, 13, '2026-04-09 02:16:56', 'done'),
(98, 'ORD-20260409043159', 'CONROD', 124, 6, 14, 1, 15, '2026-04-09 02:31:59', 'done'),
(99, 'ORD-20260409054452', 'MS2', 192, 16, 65, 1, 13, '2026-04-09 03:44:52', 'done'),
(100, 'ORD-20260409055039', 'CONROD', 125, 2, 14, 1, 21, '2026-04-09 03:50:39', 'done'),
(101, 'ORD-20260409060956', 'CONROD', 119, 5, 13, 1, 15, '2026-04-09 04:09:56', 'done'),
(102, 'ORD-20260409081638', 'MS2', 202, 16, 65, 1, 13, '2026-04-09 06:16:38', 'done'),
(103, 'ORD-20260409081740', 'MS2', 206, 16, 65, 1, 13, '2026-04-09 06:17:40', 'done'),
(104, 'ORD-20260409081845', 'CONROD', 117, 1, 14, 1, 21, '2026-04-09 06:18:45', 'done'),
(105, 'ORD-20260409110300', 'MS2', 161, 16, 65, 1, 13, '2026-04-09 09:03:00', 'partial_done'),
(106, 'ORD-20260409111951', 'CONROD', 120, 4, 14, 1, 15, '2026-04-09 09:19:51', 'partial_done'),
(107, 'ORD-20260409112342', 'CONROD', 124, 6, 11, 1, 15, '2026-04-09 09:23:42', 'partial_done'),
(108, 'ORD-20260409112739', 'MS2', 161, 16, 65, 1, 13, '2026-04-09 09:27:39', 'in_progress'),
(109, 'ORD-20260410024546', 'CONROD', 119, 5, 14, 1, 15, '2026-04-10 00:45:46', 'done'),
(110, 'ORD-20260410024612', 'CONROD', 124, 6, 14, 1, 15, '2026-04-10 00:46:12', 'done'),
(111, 'ORD-20260410030525', 'CONROD', 120, 4, 14, 1, 15, '2026-04-10 01:05:25', 'done'),
(112, 'ORD-20260410031851', 'CONROD', 125, 2, 14, 1, 13, '2026-04-10 01:18:51', 'done'),
(113, 'ORD-20260410032246', 'CONROD', 117, 1, 14, 1, 13, '2026-04-10 01:22:46', 'done'),
(116, 'ORD-20260410050912', 'CONROD', 120, 4, 14, 1, 15, '2026-04-10 03:09:12', 'done'),
(117, 'ORD-20260410050933', 'CONROD', 124, 6, 14, 1, 15, '2026-04-10 03:09:33', 'done'),
(118, 'ORD-20260410051031', 'MS2', 161, 16, 65, 1, 13, '2026-04-10 03:10:31', 'done'),
(119, 'ORD-20260410051210', 'MS2', 198, 16, 65, 1, 13, '2026-04-10 03:12:10', 'done'),
(120, 'ORD-20260410051234', 'MS2', 206, 16, 65, 1, 13, '2026-04-10 03:12:34', 'done'),
(121, 'ORD-20260410051302', 'MS2', 175, 16, 65, 1, 13, '2026-04-10 03:13:02', 'done'),
(122, 'ORD-20260410051506', 'CONROD', 112, 3, 13, 1, 13, '2026-04-10 03:15:06', 'done'),
(123, 'ORD-20260410051739', 'MS2', 166, 16, 65, 1, 13, '2026-04-10 03:17:39', 'done'),
(124, 'ORD-20260410060108', 'CONROD', 117, 1, 14, 1, 13, '2026-04-10 04:01:08', 'done'),
(125, 'ORD-20260410103322', 'MS2', 161, 16, 65, 1, 13, '2026-04-10 08:33:22', 'done'),
(126, 'ORD-20260413034408', 'MS2', 189, 16, 65, 1, 13, '2026-04-13 01:44:08', 'done'),
(127, 'ORD-20260413035850', 'MS2', 205, 16, 47, 1, 13, '2026-04-13 01:58:50', 'done'),
(128, 'ORD-20260413040417', 'MS2', 175, 16, 65, 1, 13, '2026-04-13 02:04:17', 'partial_done'),
(129, 'ORD-20260413041059', 'CONROD', 120, 4, 14, 1, 14, '2026-04-13 02:10:59', 'partial_done'),
(130, 'ORD-20260413041243', 'CONROD', 120, 4, 11, 1, 14, '2026-04-13 02:12:43', 'done'),
(131, 'ORD-20260413042338', 'CONROD', 125, 2, 11, 1, 20, '2026-04-13 02:23:38', 'done'),
(132, 'ORD-20260413043505', 'MS2', 175, 16, 65, 1, 13, '2026-04-13 02:35:05', 'done'),
(133, 'ORD-20260413045101', 'CONROD', 119, 5, 1, 2, 14, '2026-04-13 02:51:01', 'done'),
(134, 'ORD-20260413045735', 'CONROD', 117, 1, 11, 2, 20, '2026-04-13 02:57:35', 'done'),
(135, 'ORD-20260413050011', 'CONROD', 120, 4, 1, 2, 14, '2026-04-13 03:00:11', 'done'),
(136, 'ORD-20260413051812', 'MS2', 166, 16, 65, 1, 13, '2026-04-13 03:18:12', 'partial_done'),
(137, 'ORD-20260413055905', 'CONROD', 117, 1, 14, 1, 20, '2026-04-13 03:59:05', 'partial_done'),
(138, 'ORD-20260413055928', 'CONROD', 125, 2, 14, 1, 20, '2026-04-13 03:59:28', 'partial_done'),
(139, 'ORD-20260414040208', 'CONROD', 128, 1, 81, 1, 7, '2026-04-14 02:02:08', 'in_progress'),
(140, 'ORD-20260414060525', 'CONROD', 128, 2, 82, 1, 7, '2026-04-14 04:05:25', 'partial_done');

-- --------------------------------------------------------

--
-- Table structure for table `sampling_process_steps`
--

CREATE TABLE `sampling_process_steps` (
  `id` int(11) NOT NULL,
  `order_id` int(11) NOT NULL,
  `qc_machine` enum('CMM','RUNCOM','ROUGHNESS','CONTOURE','PROFIL','MANUAL') NOT NULL,
  `qc_user_id` int(11) DEFAULT NULL,
  `status` enum('waiting','in_progress','done') DEFAULT 'waiting',
  `start_time` datetime DEFAULT NULL,
  `end_time` datetime DEFAULT NULL,
  `duration_seconds` int(11) DEFAULT 0,
  `created_at` timestamp NOT NULL DEFAULT current_timestamp()
) ENGINE=InnoDB DEFAULT CHARSET=utf8mb4 COLLATE=utf8mb4_general_ci;

--
-- Dumping data for table `sampling_process_steps`
--

INSERT INTO `sampling_process_steps` (`id`, `order_id`, `qc_machine`, `qc_user_id`, `status`, `start_time`, `end_time`, `duration_seconds`, `created_at`) VALUES
(1, 18, 'RUNCOM', 4, 'done', '2026-03-18 11:19:00', '2026-03-18 11:20:54', 0, '2026-03-18 04:19:00'),
(2, 12, 'CMM', 2, 'done', '2026-03-18 11:23:36', '2026-03-18 11:29:36', 0, '2026-03-18 04:23:36'),
(3, 19, 'RUNCOM', 2, 'done', '2026-03-18 13:01:20', '2026-03-18 13:01:50', 0, '2026-03-18 06:01:20'),
(4, 19, 'CMM', 2, 'in_progress', '2026-03-18 13:02:57', NULL, 0, '2026-03-18 06:02:57'),
(5, 20, 'RUNCOM', 2, 'done', '2026-03-18 13:12:46', '2026-03-18 13:19:05', 0, '2026-03-18 06:12:46'),
(6, 20, 'CMM', 2, 'done', '2026-03-18 13:20:34', '2026-03-18 13:30:20', 0, '2026-03-18 06:20:34'),
(7, 20, '', 2, 'done', '2026-03-18 13:30:44', '2026-03-18 13:31:42', 0, '2026-03-18 06:30:44'),
(8, 18, 'CMM', 2, 'done', '2026-03-18 13:32:09', '2026-03-18 13:32:12', 0, '2026-03-18 06:32:09'),
(9, 18, '', 2, 'done', '2026-03-18 13:32:22', '2026-03-18 13:32:26', 0, '2026-03-18 06:32:22'),
(14, 22, 'CMM', 2, 'done', '2026-03-18 15:23:20', '2026-03-18 15:23:26', 0, '2026-03-18 08:23:20'),
(15, 22, 'RUNCOM', 2, 'done', '2026-03-18 15:23:39', '2026-03-18 15:24:02', 0, '2026-03-18 08:23:39'),
(16, 22, 'ROUGHNESS', 2, 'done', '2026-03-18 15:24:34', '2026-03-18 15:24:45', 0, '2026-03-18 08:24:34'),
(17, 25, 'CMM', 2, 'done', '2026-03-18 15:35:11', '2026-03-18 15:37:30', 0, '2026-03-18 08:35:11'),
(18, 26, 'CMM', 4, 'done', '2026-03-31 07:41:48', '2026-03-31 07:41:53', 0, '2026-03-31 00:41:48'),
(19, 26, 'RUNCOM', 4, 'done', '2026-03-31 07:42:03', '2026-03-31 07:42:09', 0, '2026-03-31 00:42:03'),
(20, 26, 'ROUGHNESS', 4, 'done', '2026-03-31 07:42:19', '2026-03-31 07:42:23', 0, '2026-03-31 00:42:19'),
(21, 28, 'CMM', 4, 'done', '2026-04-02 10:46:35', '2026-04-02 11:02:51', 0, '2026-04-02 03:46:35'),
(22, 27, 'ROUGHNESS', 4, 'done', '2026-04-02 10:47:21', '2026-04-02 11:02:54', 0, '2026-04-02 03:47:21'),
(23, 28, 'RUNCOM', 4, 'done', '2026-04-02 11:03:05', '2026-04-02 11:55:22', 0, '2026-04-02 04:03:05'),
(24, 27, 'CMM', 4, 'done', '2026-04-02 11:03:23', '2026-04-02 11:55:21', 0, '2026-04-02 04:03:23'),
(25, 27, 'RUNCOM', 4, 'done', '2026-04-02 11:55:37', '2026-04-02 13:14:02', 0, '2026-04-02 04:55:37'),
(26, 28, 'ROUGHNESS', 4, 'done', '2026-04-02 11:55:48', '2026-04-02 13:14:02', 0, '2026-04-02 04:55:48'),
(27, 29, 'CMM', 4, 'done', '2026-04-02 16:10:01', '2026-04-02 16:10:09', 0, '2026-04-02 09:10:01'),
(28, 29, 'RUNCOM', 4, 'done', '2026-04-02 16:10:53', '2026-04-02 16:11:12', 0, '2026-04-02 09:10:53'),
(29, 31, 'CMM', 4, 'done', '2026-04-06 09:45:05', '2026-04-06 09:45:10', 0, '2026-04-06 02:45:05'),
(30, 31, 'RUNCOM', 5, 'done', '2026-04-06 09:45:18', '2026-04-06 09:45:21', 0, '2026-04-06 02:45:18'),
(31, 31, 'ROUGHNESS', 4, 'done', '2026-04-06 09:45:31', '2026-04-06 09:45:33', 0, '2026-04-06 02:45:31'),
(32, 32, 'RUNCOM', 1, 'done', '2026-04-06 10:06:40', '2026-04-06 10:07:10', 0, '2026-04-06 03:06:40'),
(33, 32, 'ROUGHNESS', 1, 'done', '2026-04-06 10:08:10', '2026-04-06 10:28:53', 0, '2026-04-06 03:08:10'),
(34, 30, 'CMM', 1, 'in_progress', '2026-04-06 10:30:41', NULL, 0, '2026-04-06 03:30:41'),
(35, 32, 'CMM', 1, 'done', '2026-04-06 10:40:52', '2026-04-06 10:40:56', 0, '2026-04-06 03:40:52'),
(36, 33, 'CMM', 1, 'done', '2026-04-06 11:25:19', '2026-04-06 11:25:27', 0, '2026-04-06 04:25:19'),
(37, 35, 'CMM', 1, 'in_progress', '2026-04-06 13:04:13', NULL, 0, '2026-04-06 06:04:13'),
(38, 34, 'RUNCOM', 2, 'in_progress', '2026-04-06 13:05:58', NULL, 0, '2026-04-06 06:05:58'),
(39, 36, 'CMM', 3, 'in_progress', '2026-04-06 13:06:46', NULL, 0, '2026-04-06 06:06:46'),
(40, 37, 'CMM', 7, 'done', '2026-04-06 13:15:42', '2026-04-06 14:38:39', 0, '2026-04-06 06:15:42'),
(41, 38, 'CMM', 11, 'done', '2026-04-06 13:16:07', '2026-04-06 14:38:39', 0, '2026-04-06 06:16:07'),
(42, 37, 'ROUGHNESS', 21, 'done', '2026-04-06 15:26:33', '2026-04-06 15:26:35', 0, '2026-04-06 08:26:33'),
(43, 37, 'RUNCOM', 21, 'done', '2026-04-06 15:26:48', '2026-04-06 15:26:50', 0, '2026-04-06 08:26:48'),
(44, 39, 'CMM', 6, 'done', '2026-04-07 08:17:39', '2026-04-07 08:30:00', 0, '2026-04-07 01:17:39'),
(45, 39, '', 6, 'done', '2026-04-07 08:38:19', '2026-04-07 08:38:51', 0, '2026-04-07 01:38:19'),
(48, 39, '', 6, 'done', '2026-04-07 08:44:02', '2026-04-07 08:48:32', 0, '2026-04-07 01:44:02'),
(49, 39, '', 6, 'done', '2026-04-07 08:44:17', '2026-04-07 08:45:10', 0, '2026-04-07 01:44:17'),
(50, 39, '', 6, 'done', '2026-04-07 08:53:27', '2026-04-07 08:53:29', 0, '2026-04-07 01:53:27'),
(51, 39, 'RUNCOM', 6, 'done', '2026-04-07 08:53:41', '2026-04-07 08:53:44', 0, '2026-04-07 01:53:41'),
(52, 39, 'ROUGHNESS', 6, 'done', '2026-04-07 09:09:55', '2026-04-07 09:10:06', 0, '2026-04-07 02:09:55'),
(53, 39, '', 6, 'done', '2026-04-07 09:10:19', '2026-04-07 09:10:25', 0, '2026-04-07 02:10:19'),
(54, 40, 'CMM', 6, 'done', '2026-04-07 09:11:06', '2026-04-07 09:27:10', 0, '2026-04-07 02:11:06'),
(55, 42, 'PROFIL', 6, 'in_progress', '2026-04-07 09:49:39', NULL, 0, '2026-04-07 02:49:39'),
(56, 41, 'ROUGHNESS', 15, 'done', '2026-04-07 09:53:35', '2026-04-07 10:54:14', 0, '2026-04-07 02:53:35'),
(57, 43, 'ROUGHNESS', 15, 'done', '2026-04-07 09:55:49', '2026-04-07 09:56:31', 0, '2026-04-07 02:55:49'),
(58, 45, 'ROUGHNESS', 18, 'done', '2026-04-07 10:12:44', '2026-04-07 10:38:05', 0, '2026-04-07 03:12:44'),
(59, 46, 'MANUAL', 21, 'done', '2026-04-07 10:15:17', '2026-04-07 11:12:13', 0, '2026-04-07 03:15:17'),
(60, 48, 'MANUAL', 7, 'done', '2026-04-07 10:21:26', '2026-04-07 10:21:31', 0, '2026-04-07 03:21:26'),
(61, 48, 'PROFIL', 7, 'done', '2026-04-07 10:21:42', '2026-04-07 10:21:49', 0, '2026-04-07 03:21:42'),
(62, 47, 'CMM', 18, 'done', '2026-04-07 10:46:44', '2026-04-07 10:58:01', 0, '2026-04-07 03:46:44'),
(63, 50, 'ROUGHNESS', 7, 'in_progress', '2026-04-07 10:53:23', NULL, 0, '2026-04-07 03:53:23'),
(64, 51, 'ROUGHNESS', 7, 'done', '2026-04-07 10:54:14', '2026-04-07 10:54:15', 0, '2026-04-07 03:54:14'),
(65, 51, 'PROFIL', 7, 'done', '2026-04-07 10:55:05', '2026-04-07 10:55:09', 0, '2026-04-07 03:55:05'),
(66, 51, 'MANUAL', 7, 'done', '2026-04-07 10:55:23', '2026-04-07 10:55:25', 0, '2026-04-07 03:55:23'),
(67, 52, 'CONTOURE', 7, 'done', '2026-04-07 11:08:28', '2026-04-07 11:08:30', 0, '2026-04-07 04:08:28'),
(68, 46, 'CMM', 21, 'done', '2026-04-07 11:12:49', '2026-04-07 12:49:44', 0, '2026-04-07 04:12:49'),
(69, 53, 'CMM', 15, 'done', '2026-04-07 12:56:30', '2026-04-07 12:56:39', 0, '2026-04-07 05:56:30'),
(70, 53, 'RUNCOM', 15, 'done', '2026-04-07 12:56:51', '2026-04-07 12:56:54', 0, '2026-04-07 05:56:51'),
(71, 53, 'ROUGHNESS', 15, 'done', '2026-04-07 12:57:05', '2026-04-07 12:57:09', 0, '2026-04-07 05:57:05'),
(72, 53, 'MANUAL', 15, 'done', '2026-04-07 12:57:18', '2026-04-07 13:57:25', 0, '2026-04-07 05:57:18'),
(73, 46, 'ROUGHNESS', 21, 'done', '2026-04-07 13:00:01', '2026-04-07 13:03:17', 0, '2026-04-07 06:00:01'),
(74, 54, 'CMM', 21, 'done', '2026-04-07 13:01:59', '2026-04-07 13:38:43', 0, '2026-04-07 06:01:59'),
(75, 55, 'MANUAL', 18, 'done', '2026-04-07 13:12:40', '2026-04-07 13:54:17', 0, '2026-04-07 06:12:40'),
(76, 47, 'MANUAL', 18, 'done', '2026-04-07 13:18:09', '2026-04-07 14:23:28', 0, '2026-04-07 06:18:09'),
(77, 45, 'MANUAL', 18, 'done', '2026-04-07 13:18:29', '2026-04-07 14:23:28', 0, '2026-04-07 06:18:29'),
(78, 46, 'RUNCOM', 21, 'done', '2026-04-07 13:36:08', '2026-04-07 13:58:37', 0, '2026-04-07 06:36:08'),
(79, 54, 'RUNCOM', 21, 'done', '2026-04-07 13:38:52', '2026-04-07 13:57:25', 0, '2026-04-07 06:38:52'),
(80, 55, 'CMM', 18, 'done', '2026-04-07 13:54:25', '2026-04-07 14:24:22', 0, '2026-04-07 06:54:25'),
(81, 54, 'ROUGHNESS', 21, 'done', '2026-04-07 13:58:23', '2026-04-07 14:10:12', 0, '2026-04-07 06:58:23'),
(82, 46, 'PROFIL', 21, 'done', '2026-04-07 13:58:47', '2026-04-07 14:23:47', 0, '2026-04-07 06:58:47'),
(83, 54, 'PROFIL', 21, 'done', '2026-04-07 14:10:23', '2026-04-07 14:26:56', 0, '2026-04-07 07:10:23'),
(84, 55, 'RUNCOM', 18, 'done', '2026-04-07 14:24:42', '2026-04-07 14:58:37', 0, '2026-04-07 07:24:42'),
(85, 53, 'PROFIL', 18, 'done', '2026-04-07 14:25:49', '2026-04-07 14:25:58', 0, '2026-04-07 07:25:49'),
(86, 54, 'MANUAL', 21, 'done', '2026-04-07 14:27:13', '2026-04-07 14:39:36', 0, '2026-04-07 07:27:13'),
(87, 55, 'ROUGHNESS', 13, 'done', '2026-04-07 14:59:24', '2026-04-07 16:01:58', 0, '2026-04-07 07:59:24'),
(88, 55, 'CONTOURE', 13, 'in_progress', '2026-04-07 16:02:41', NULL, 0, '2026-04-07 09:02:41'),
(89, 58, 'ROUGHNESS', 13, 'done', '2026-04-08 07:21:57', '2026-04-08 07:22:11', 0, '2026-04-08 00:21:57'),
(90, 59, 'ROUGHNESS', 21, 'done', '2026-04-08 07:23:08', '2026-04-08 07:38:25', 0, '2026-04-08 00:23:08'),
(91, 60, 'ROUGHNESS', 21, 'done', '2026-04-08 07:37:39', '2026-04-08 07:50:46', 0, '2026-04-08 00:37:39'),
(92, 59, 'MANUAL', 21, 'done', '2026-04-08 07:38:30', '2026-04-08 07:51:18', 0, '2026-04-08 00:38:30'),
(93, 60, 'PROFIL', 21, 'done', '2026-04-08 07:50:55', '2026-04-08 07:51:36', 0, '2026-04-08 00:50:55'),
(94, 60, 'CMM', 21, 'done', '2026-04-08 07:51:45', '2026-04-08 08:03:47', 0, '2026-04-08 00:51:45'),
(95, 61, 'CMM', 15, 'done', '2026-04-08 07:57:57', '2026-04-08 08:29:43', 0, '2026-04-08 00:57:57'),
(96, 64, 'RUNCOM', 18, 'done', '2026-04-08 08:05:43', '2026-04-08 08:30:41', 0, '2026-04-08 01:05:43'),
(97, 63, 'CMM', 18, 'in_progress', '2026-04-08 08:09:03', NULL, 0, '2026-04-08 01:09:03'),
(98, 66, 'CMM', 15, 'done', '2026-04-08 08:11:21', '2026-04-08 08:31:26', 0, '2026-04-08 01:11:21'),
(99, 67, 'CMM', 21, 'done', '2026-04-08 08:18:52', '2026-04-08 08:30:23', 0, '2026-04-08 01:18:52'),
(100, 61, 'ROUGHNESS', 15, 'done', '2026-04-08 08:30:02', '2026-04-08 08:32:36', 0, '2026-04-08 01:30:02'),
(101, 68, 'RUNCOM', 18, 'done', '2026-04-08 08:31:57', '2026-04-08 08:50:28', 0, '2026-04-08 01:31:57'),
(102, 69, 'MANUAL', 18, 'done', '2026-04-08 08:32:30', '2026-04-08 08:56:36', 0, '2026-04-08 01:32:30'),
(103, 61, 'PROFIL', 18, 'done', '2026-04-08 08:32:53', '2026-04-08 08:49:35', 0, '2026-04-08 01:32:53'),
(104, 66, 'ROUGHNESS', 18, 'done', '2026-04-08 08:33:05', '2026-04-08 08:41:48', 0, '2026-04-08 01:33:05'),
(105, 70, 'CMM', 7, 'in_progress', '2026-04-08 08:36:37', NULL, 0, '2026-04-08 01:36:37'),
(106, 71, 'CMM', 18, 'done', '2026-04-08 08:40:25', '2026-04-08 08:49:36', 0, '2026-04-08 01:40:25'),
(107, 71, 'ROUGHNESS', 15, 'done', '2026-04-08 08:41:22', '2026-04-08 08:49:35', 0, '2026-04-08 01:41:22'),
(108, 67, 'PROFIL', 18, 'done', '2026-04-08 08:49:35', '2026-04-08 08:55:15', 0, '2026-04-08 01:49:35'),
(109, 71, 'MANUAL', 15, 'done', '2026-04-08 08:51:38', '2026-04-08 08:57:56', 0, '2026-04-08 01:51:38'),
(110, 64, 'MANUAL', 18, 'done', '2026-04-08 08:52:32', '2026-04-08 09:20:13', 0, '2026-04-08 01:52:32'),
(111, 67, 'ROUGHNESS', 21, 'done', '2026-04-08 08:55:36', '2026-04-08 08:56:04', 0, '2026-04-08 01:55:36'),
(112, 72, 'CMM', 21, 'done', '2026-04-08 08:57:32', '2026-04-08 09:08:35', 0, '2026-04-08 01:57:32'),
(113, 72, 'ROUGHNESS', 21, 'done', '2026-04-08 09:08:47', '2026-04-08 09:12:37', 0, '2026-04-08 02:08:47'),
(114, 72, 'PROFIL', 21, 'done', '2026-04-08 09:12:53', '2026-04-08 09:12:58', 0, '2026-04-08 02:12:53'),
(115, 73, 'MANUAL', 21, 'done', '2026-04-08 09:13:53', '2026-04-08 10:14:22', 0, '2026-04-08 02:13:53'),
(116, 64, 'ROUGHNESS', 18, 'done', '2026-04-08 09:20:25', '2026-04-08 09:28:29', 0, '2026-04-08 02:20:25'),
(117, 68, 'ROUGHNESS', 18, 'done', '2026-04-08 09:21:45', '2026-04-08 09:32:16', 0, '2026-04-08 02:21:45'),
(118, 68, 'CONTOURE', 18, 'done', '2026-04-08 09:32:28', '2026-04-08 09:45:30', 0, '2026-04-08 02:32:28'),
(119, 74, 'CMM', 15, 'done', '2026-04-08 09:37:02', '2026-04-08 09:37:08', 0, '2026-04-08 02:37:02'),
(120, 74, 'RUNCOM', 15, 'done', '2026-04-08 09:37:19', '2026-04-08 10:04:35', 0, '2026-04-08 02:37:19'),
(121, 64, 'CONTOURE', 18, 'done', '2026-04-08 09:57:21', '2026-04-08 10:12:22', 0, '2026-04-08 02:57:21'),
(122, 74, 'MANUAL', 15, 'done', '2026-04-08 10:05:13', '2026-04-08 11:02:48', 0, '2026-04-08 03:05:13'),
(123, 69, 'CMM', 18, 'done', '2026-04-08 10:05:33', '2026-04-08 10:18:01', 0, '2026-04-08 03:05:33'),
(124, 75, 'CMM', 18, 'done', '2026-04-08 11:00:54', '2026-04-08 11:23:49', 0, '2026-04-08 04:00:54'),
(125, 73, 'PROFIL', 21, 'done', '2026-04-08 11:03:43', '2026-04-08 11:10:23', 0, '2026-04-08 04:03:43'),
(126, 73, 'RUNCOM', 21, 'done', '2026-04-08 11:10:36', '2026-04-08 11:28:16', 0, '2026-04-08 04:10:36'),
(127, 74, 'ROUGHNESS', 15, 'done', '2026-04-08 11:18:28', '2026-04-08 12:55:20', 0, '2026-04-08 04:18:28'),
(128, 76, 'CMM', 15, 'done', '2026-04-08 11:20:45', '2026-04-08 11:28:39', 0, '2026-04-08 04:20:45'),
(129, 75, 'CONTOURE', 18, 'done', '2026-04-08 11:24:00', '2026-04-08 11:34:50', 0, '2026-04-08 04:24:00'),
(130, 73, 'CMM', 18, 'done', '2026-04-08 11:28:27', '2026-04-08 12:55:20', 0, '2026-04-08 04:28:27'),
(131, 76, 'RUNCOM', 15, 'done', '2026-04-08 11:37:04', '2026-04-08 12:55:20', 0, '2026-04-08 04:37:04'),
(132, 74, 'PROFIL', 15, 'in_progress', '2026-04-08 12:56:02', NULL, 0, '2026-04-08 05:56:02'),
(133, 77, 'CMM', 18, 'done', '2026-04-08 12:56:38', '2026-04-08 12:56:49', 0, '2026-04-08 05:56:38'),
(134, 76, 'PROFIL', 15, 'done', '2026-04-08 12:57:05', '2026-04-08 13:08:55', 0, '2026-04-08 05:57:05'),
(135, 80, 'CMM', 18, 'done', '2026-04-08 12:57:39', '2026-04-08 12:57:44', 0, '2026-04-08 05:57:39'),
(136, 68, 'MANUAL', 18, 'done', '2026-04-08 12:58:58', '2026-04-08 13:20:52', 0, '2026-04-08 05:58:58'),
(137, 78, 'CMM', 21, 'done', '2026-04-08 13:01:40', '2026-04-08 13:20:01', 0, '2026-04-08 06:01:40'),
(138, 76, 'ROUGHNESS', 15, 'done', '2026-04-08 13:09:33', '2026-04-08 13:23:15', 0, '2026-04-08 06:09:33'),
(139, 73, 'ROUGHNESS', 21, 'done', '2026-04-08 13:19:50', '2026-04-08 14:49:22', 0, '2026-04-08 06:19:50'),
(140, 78, 'RUNCOM', 21, 'done', '2026-04-08 13:20:09', '2026-04-08 14:49:23', 0, '2026-04-08 06:20:09'),
(141, 76, 'MANUAL', 15, 'done', '2026-04-08 13:24:45', '2026-04-08 14:49:23', 0, '2026-04-08 06:24:45'),
(142, 77, 'MANUAL', 18, 'done', '2026-04-08 13:41:03', '2026-04-08 14:09:02', 0, '2026-04-08 06:41:03'),
(143, 80, 'MANUAL', 18, 'done', '2026-04-08 13:41:18', '2026-04-08 14:09:02', 0, '2026-04-08 06:41:18'),
(144, 78, 'PROFIL', 21, 'done', '2026-04-08 14:51:30', '2026-04-08 14:51:37', 0, '2026-04-08 07:51:30'),
(145, 78, 'MANUAL', 21, 'done', '2026-04-08 14:51:43', '2026-04-08 14:52:43', 0, '2026-04-08 07:51:43'),
(146, 78, 'ROUGHNESS', 21, 'done', '2026-04-08 14:52:52', '2026-04-08 14:54:57', 0, '2026-04-08 07:52:52'),
(147, 81, 'ROUGHNESS', 14, 'done', '2026-04-08 15:01:40', '2026-04-08 15:01:58', 0, '2026-04-08 08:01:40'),
(148, 81, 'CMM', 14, 'done', '2026-04-08 15:02:28', '2026-04-08 15:02:53', 0, '2026-04-08 08:02:28'),
(149, 83, 'CMM', 7, 'done', '2026-04-08 15:14:49', '2026-04-08 15:15:12', 0, '2026-04-08 08:14:49'),
(150, 83, 'PROFIL', 7, 'done', '2026-04-08 15:15:42', '2026-04-08 15:16:01', 0, '2026-04-08 08:15:42'),
(151, 90, 'CMM', 14, 'done', '2026-04-08 16:15:44', '2026-04-08 17:32:06', 0, '2026-04-08 09:15:44'),
(152, 91, 'MANUAL', 14, 'in_progress', '2026-04-08 16:17:37', NULL, 0, '2026-04-08 09:17:37'),
(153, 91, 'CONTOURE', 14, 'in_progress', '2026-04-08 16:18:02', NULL, 0, '2026-04-08 09:18:02'),
(154, 92, 'CONTOURE', 13, 'done', '2026-04-08 16:19:09', '2026-04-08 16:19:46', 0, '2026-04-08 09:19:09'),
(155, 92, 'RUNCOM', 13, 'done', '2026-04-08 16:19:58', '2026-04-08 16:20:02', 0, '2026-04-08 09:19:58'),
(156, 92, 'MANUAL', 13, 'done', '2026-04-08 16:20:10', '2026-04-08 17:32:06', 0, '2026-04-08 09:20:10'),
(157, 93, 'ROUGHNESS', 21, 'done', '2026-04-09 07:26:42', '2026-04-09 09:16:05', 0, '2026-04-09 00:26:42'),
(158, 96, 'RUNCOM', 18, 'done', '2026-04-09 09:16:05', '2026-04-09 09:30:04', 0, '2026-04-09 02:16:05'),
(159, 97, 'CMM', 18, 'done', '2026-04-09 09:17:07', '2026-04-09 09:29:59', 0, '2026-04-09 02:17:07'),
(160, 96, 'MANUAL', 18, 'done', '2026-04-09 09:30:12', '2026-04-09 09:55:35', 0, '2026-04-09 02:30:12'),
(161, 98, 'CMM', 15, 'done', '2026-04-09 09:32:14', '2026-04-09 09:32:19', 0, '2026-04-09 02:32:14'),
(162, 98, 'RUNCOM', 15, 'done', '2026-04-09 09:32:50', '2026-04-09 10:36:25', 0, '2026-04-09 02:32:50'),
(163, 95, 'ROUGHNESS', 21, 'done', '2026-04-09 09:47:06', '2026-04-09 09:47:13', 0, '2026-04-09 02:47:06'),
(164, 95, 'CMM', 21, 'done', '2026-04-09 09:47:27', '2026-04-09 09:48:05', 0, '2026-04-09 02:47:27'),
(165, 93, 'CMM', 21, 'done', '2026-04-09 09:47:46', '2026-04-09 09:48:01', 0, '2026-04-09 02:47:46'),
(166, 95, 'PROFIL', 21, 'done', '2026-04-09 09:48:30', '2026-04-09 09:48:36', 0, '2026-04-09 02:48:30'),
(167, 94, 'CMM', 21, 'done', '2026-04-09 09:48:53', '2026-04-09 09:48:58', 0, '2026-04-09 02:48:53'),
(168, 94, 'ROUGHNESS', 21, 'done', '2026-04-09 09:49:08', '2026-04-09 10:49:11', 0, '2026-04-09 02:49:08'),
(169, 97, 'MANUAL', 18, 'done', '2026-04-09 09:55:44', '2026-04-09 10:44:02', 0, '2026-04-09 02:55:44'),
(170, 96, 'CONTOURE', 18, 'done', '2026-04-09 10:44:12', '2026-04-09 11:05:36', 0, '2026-04-09 03:44:12'),
(171, 99, 'CMM', 18, 'done', '2026-04-09 10:44:59', '2026-04-09 11:05:20', 0, '2026-04-09 03:44:59'),
(172, 100, 'MANUAL', 21, 'done', '2026-04-09 10:51:20', '2026-04-09 11:51:53', 0, '2026-04-09 03:51:20'),
(173, 96, 'CMM', 18, 'done', '2026-04-09 11:05:45', '2026-04-09 12:45:52', 0, '2026-04-09 04:05:45'),
(174, 98, 'MANUAL', 15, 'done', '2026-04-09 11:08:39', '2026-04-09 11:08:46', 0, '2026-04-09 04:08:39'),
(175, 98, 'PROFIL', 15, 'done', '2026-04-09 11:09:03', '2026-04-09 11:09:14', 0, '2026-04-09 04:09:03'),
(176, 98, 'ROUGHNESS', 15, 'done', '2026-04-09 11:09:28', '2026-04-09 12:45:53', 0, '2026-04-09 04:09:28'),
(177, 101, 'CMM', 15, 'done', '2026-04-09 11:10:07', '2026-04-09 12:45:53', 0, '2026-04-09 04:10:07'),
(178, 96, 'ROUGHNESS', 18, 'done', '2026-04-09 12:46:59', '2026-04-09 13:15:21', 0, '2026-04-09 05:46:59'),
(179, 101, 'RUNCOM', 15, 'done', '2026-04-09 12:51:07', '2026-04-09 14:02:23', 0, '2026-04-09 05:51:07'),
(180, 102, 'CMM', 18, 'done', '2026-04-09 13:16:55', '2026-04-09 13:28:32', 0, '2026-04-09 06:16:55'),
(181, 100, 'PROFIL', 21, 'done', '2026-04-09 13:17:27', '2026-04-09 13:18:07', 0, '2026-04-09 06:17:27'),
(182, 103, 'CMM', 18, 'done', '2026-04-09 13:17:47', '2026-04-09 13:28:14', 0, '2026-04-09 06:17:47'),
(183, 100, 'RUNCOM', 21, 'done', '2026-04-09 13:18:19', '2026-04-09 14:19:39', 0, '2026-04-09 06:18:19'),
(184, 104, 'MANUAL', 21, 'done', '2026-04-09 13:18:54', '2026-04-09 14:19:39', 0, '2026-04-09 06:18:54'),
(185, 103, 'CONTOURE', 18, 'done', '2026-04-09 13:28:24', '2026-04-09 14:02:25', 0, '2026-04-09 06:28:24'),
(186, 102, 'MANUAL', 18, 'done', '2026-04-09 13:28:40', '2026-04-09 13:34:06', 0, '2026-04-09 06:28:40'),
(187, 101, 'ROUGHNESS', 15, 'done', '2026-04-09 14:20:10', '2026-04-09 14:20:23', 0, '2026-04-09 07:20:10'),
(188, 101, 'PROFIL', 15, 'done', '2026-04-09 14:20:39', '2026-04-09 14:20:52', 0, '2026-04-09 07:20:39'),
(189, 101, 'MANUAL', 15, 'in_progress', '2026-04-09 14:21:06', NULL, 0, '2026-04-09 07:21:06'),
(190, 104, 'RUNCOM', 15, 'done', '2026-04-09 14:43:44', '2026-04-09 14:44:19', 0, '2026-04-09 07:43:44'),
(191, 100, 'CMM', 21, 'done', '2026-04-09 14:44:15', '2026-04-09 14:44:28', 0, '2026-04-09 07:44:15'),
(192, 104, 'ROUGHNESS', 21, 'done', '2026-04-09 14:44:25', '2026-04-09 14:44:40', 0, '2026-04-09 07:44:25'),
(193, 100, 'ROUGHNESS', 21, 'done', '2026-04-09 14:44:36', '2026-04-09 14:44:50', 0, '2026-04-09 07:44:36'),
(194, 104, 'CMM', 21, 'done', '2026-04-09 14:44:48', '2026-04-09 14:45:03', 0, '2026-04-09 07:44:48'),
(195, 104, 'PROFIL', 21, 'done', '2026-04-09 14:45:07', '2026-04-09 14:45:08', 0, '2026-04-09 07:45:07'),
(196, 105, 'ROUGHNESS', 13, 'done', '2026-04-09 16:03:56', '2026-04-09 16:04:01', 0, '2026-04-09 09:03:56'),
(197, 105, 'CONTOURE', 13, 'done', '2026-04-09 16:04:11', '2026-04-09 16:04:18', 0, '2026-04-09 09:04:11'),
(198, 105, 'RUNCOM', 13, 'done', '2026-04-09 16:04:30', '2026-04-09 16:21:28', 0, '2026-04-09 09:04:30'),
(199, 106, 'MANUAL', 14, 'done', '2026-04-09 16:21:01', '2026-04-09 16:21:08', 0, '2026-04-09 09:21:01'),
(200, 106, 'ROUGHNESS', 14, 'done', '2026-04-09 16:21:22', '2026-04-09 16:21:37', 0, '2026-04-09 09:21:22'),
(201, 105, 'MANUAL', 14, 'done', '2026-04-09 16:22:11', '2026-04-09 16:27:18', 0, '2026-04-09 09:22:11'),
(202, 107, 'ROUGHNESS', 14, 'done', '2026-04-09 16:24:00', '2026-04-09 16:24:08', 0, '2026-04-09 09:24:00'),
(203, 107, 'CMM', 14, 'done', '2026-04-09 16:24:30', '2026-04-09 16:24:40', 0, '2026-04-09 09:24:30'),
(204, 107, 'MANUAL', 14, 'done', '2026-04-09 16:26:08', '2026-04-09 16:26:12', 0, '2026-04-09 09:26:08'),
(205, 108, 'ROUGHNESS', 13, 'done', '2026-04-09 16:28:06', '2026-04-09 16:28:38', 0, '2026-04-09 09:28:06'),
(206, 108, 'CONTOURE', 13, 'done', '2026-04-09 16:28:54', '2026-04-09 16:28:56', 0, '2026-04-09 09:28:54'),
(207, 108, 'RUNCOM', 13, 'done', '2026-04-09 16:29:08', '2026-04-09 16:29:11', 0, '2026-04-09 09:29:08'),
(208, 108, 'MANUAL', 13, 'in_progress', '2026-04-09 16:29:21', NULL, 0, '2026-04-09 09:29:21'),
(209, 109, 'CMM', 15, 'done', '2026-04-10 07:46:26', '2026-04-10 07:58:40', 0, '2026-04-10 00:46:26'),
(210, 110, 'CMM', 15, 'done', '2026-04-10 07:46:43', '2026-04-10 07:58:27', 0, '2026-04-10 00:46:43'),
(211, 110, 'ROUGHNESS', 15, 'done', '2026-04-10 07:58:36', '2026-04-10 08:03:07', 0, '2026-04-10 00:58:36'),
(212, 109, 'ROUGHNESS', 15, 'done', '2026-04-10 07:58:47', '2026-04-10 08:03:19', 0, '2026-04-10 00:58:47'),
(213, 110, 'MANUAL', 15, 'done', '2026-04-10 08:03:16', '2026-04-10 08:06:34', 0, '2026-04-10 01:03:16'),
(214, 109, 'MANUAL', 15, 'done', '2026-04-10 08:03:31', '2026-04-10 08:06:39', 0, '2026-04-10 01:03:31'),
(215, 111, 'MANUAL', 15, 'done', '2026-04-10 08:05:42', '2026-04-10 08:06:18', 0, '2026-04-10 01:05:42'),
(216, 111, 'CMM', 15, 'done', '2026-04-10 08:13:57', '2026-04-10 08:16:59', 0, '2026-04-10 01:13:57'),
(217, 112, 'ROUGHNESS', 21, 'done', '2026-04-10 08:19:05', '2026-04-10 08:19:20', 0, '2026-04-10 01:19:05'),
(218, 112, 'CMM', 21, 'done', '2026-04-10 08:19:28', '2026-04-10 08:20:28', 0, '2026-04-10 01:19:28'),
(219, 111, 'ROUGHNESS', 15, 'done', '2026-04-10 08:20:59', '2026-04-10 10:08:29', 0, '2026-04-10 01:20:59'),
(220, 112, 'MANUAL', 21, 'done', '2026-04-10 08:22:05', '2026-04-10 10:08:29', 0, '2026-04-10 01:22:05'),
(221, 113, 'CMM', 21, 'done', '2026-04-10 08:28:52', '2026-04-10 10:08:29', 0, '2026-04-10 01:28:52'),
(222, 117, 'CMM', 15, 'done', '2026-04-10 10:09:51', '2026-04-10 10:11:10', 0, '2026-04-10 03:09:51'),
(223, 116, 'CMM', 15, 'done', '2026-04-10 10:10:27', '2026-04-10 10:11:20', 0, '2026-04-10 03:10:27'),
(224, 118, 'RUNCOM', 18, 'done', '2026-04-10 10:11:23', '2026-04-10 10:44:58', 0, '2026-04-10 03:11:23'),
(225, 117, 'MANUAL', 15, 'done', '2026-04-10 10:11:38', '2026-04-10 11:12:21', 0, '2026-04-10 03:11:38'),
(226, 116, 'MANUAL', 15, 'done', '2026-04-10 10:11:49', '2026-04-10 11:12:21', 0, '2026-04-10 03:11:49'),
(227, 119, 'CMM', 18, 'done', '2026-04-10 10:12:20', '2026-04-10 10:45:03', 0, '2026-04-10 03:12:20'),
(228, 120, 'CMM', 18, 'done', '2026-04-10 10:12:41', '2026-04-10 10:44:54', 0, '2026-04-10 03:12:41'),
(229, 121, 'RUNCOM', 18, 'done', '2026-04-10 10:13:09', '2026-04-10 10:44:49', 0, '2026-04-10 03:13:09'),
(230, 122, 'RUNCOM', 21, 'done', '2026-04-10 10:15:26', '2026-04-10 10:15:32', 0, '2026-04-10 03:15:26'),
(231, 122, 'ROUGHNESS', 21, 'done', '2026-04-10 10:15:46', '2026-04-10 10:15:54', 0, '2026-04-10 03:15:46'),
(232, 122, 'CMM', 21, 'done', '2026-04-10 10:16:00', '2026-04-10 11:14:02', 0, '2026-04-10 03:16:00'),
(233, 123, 'CMM', 18, 'done', '2026-04-10 10:17:49', '2026-04-10 10:44:42', 0, '2026-04-10 03:17:49'),
(234, 123, 'MANUAL', 18, 'done', '2026-04-10 10:45:20', '2026-04-10 12:57:25', 0, '2026-04-10 03:45:20'),
(235, 121, 'MANUAL', 18, 'done', '2026-04-10 10:45:29', '2026-04-10 12:57:25', 0, '2026-04-10 03:45:29'),
(236, 120, 'CONTOURE', 18, 'done', '2026-04-10 10:45:46', '2026-04-10 12:57:15', 0, '2026-04-10 03:45:46'),
(237, 118, 'ROUGHNESS', 18, 'done', '2026-04-10 10:46:03', '2026-04-10 12:57:21', 0, '2026-04-10 03:46:03'),
(238, 119, 'MANUAL', 18, 'done', '2026-04-10 10:46:20', '2026-04-10 12:57:21', 0, '2026-04-10 03:46:20'),
(239, 124, 'CMM', 21, 'done', '2026-04-10 11:01:29', '2026-04-10 12:57:25', 0, '2026-04-10 04:01:29'),
(240, 113, 'ROUGHNESS', 21, 'done', '2026-04-10 11:01:55', '2026-04-10 11:02:27', 0, '2026-04-10 04:01:55'),
(241, 113, 'MANUAL', 21, 'done', '2026-04-10 11:02:33', '2026-04-10 11:02:58', 0, '2026-04-10 04:02:33'),
(242, 122, 'MANUAL', 21, 'done', '2026-04-10 11:14:14', '2026-04-10 12:57:25', 0, '2026-04-10 04:14:14'),
(243, 123, 'ROUGHNESS', 18, 'done', '2026-04-10 13:11:21', '2026-04-10 13:11:25', 0, '2026-04-10 06:11:21'),
(244, 120, 'MANUAL', 18, 'done', '2026-04-10 13:11:41', '2026-04-10 13:11:45', 0, '2026-04-10 06:11:41'),
(245, 118, 'CONTOURE', 18, 'done', '2026-04-10 13:12:23', '2026-04-10 13:12:26', 0, '2026-04-10 06:12:23'),
(246, 118, 'CMM', 18, 'done', '2026-04-10 13:12:40', '2026-04-10 13:12:45', 0, '2026-04-10 06:12:40'),
(247, 118, 'MANUAL', 18, 'done', '2026-04-10 13:12:52', '2026-04-10 13:25:32', 0, '2026-04-10 06:12:52'),
(248, 121, 'ROUGHNESS', 18, 'done', '2026-04-10 13:26:05', '2026-04-10 13:26:09', 0, '2026-04-10 06:26:05'),
(249, 121, 'CONTOURE', 18, 'done', '2026-04-10 13:26:15', '2026-04-10 13:26:20', 0, '2026-04-10 06:26:15'),
(250, 121, 'PROFIL', 18, 'done', '2026-04-10 13:26:32', '2026-04-10 13:26:36', 0, '2026-04-10 06:26:32'),
(251, 122, 'PROFIL', 21, 'done', '2026-04-10 13:29:45', '2026-04-10 13:30:01', 0, '2026-04-10 06:29:45'),
(252, 124, 'RUNCOM', 21, 'done', '2026-04-10 13:29:54', '2026-04-10 13:58:12', 0, '2026-04-10 06:29:54'),
(253, 124, 'ROUGHNESS', 21, 'done', '2026-04-10 14:23:52', '2026-04-10 14:24:07', 0, '2026-04-10 07:23:52'),
(254, 124, 'MANUAL', 21, 'done', '2026-04-10 14:24:15', '2026-04-10 14:24:37', 0, '2026-04-10 07:24:15'),
(255, 124, 'PROFIL', 21, 'done', '2026-04-10 14:24:48', '2026-04-10 14:24:50', 0, '2026-04-10 07:24:48'),
(256, 117, 'PROFIL', 15, 'done', '2026-04-10 14:26:04', '2026-04-10 14:26:17', 0, '2026-04-10 07:26:04'),
(257, 116, 'PROFIL', 15, 'done', '2026-04-10 14:26:15', '2026-04-10 14:26:19', 0, '2026-04-10 07:26:15'),
(258, 117, 'RUNCOM', 15, 'done', '2026-04-10 14:26:24', '2026-04-10 14:26:39', 0, '2026-04-10 07:26:24'),
(259, 116, 'RUNCOM', 15, 'done', '2026-04-10 14:26:30', '2026-04-10 14:26:40', 0, '2026-04-10 07:26:30'),
(260, 117, 'ROUGHNESS', 15, 'done', '2026-04-10 14:26:45', '2026-04-10 14:27:01', 0, '2026-04-10 07:26:45'),
(261, 116, 'ROUGHNESS', 15, 'done', '2026-04-10 14:26:50', '2026-04-10 14:27:03', 0, '2026-04-10 07:26:50'),
(262, 125, 'CMM', 13, 'done', '2026-04-10 15:34:13', '2026-04-10 16:00:29', 0, '2026-04-10 08:34:13'),
(263, 125, 'RUNCOM', 13, 'done', '2026-04-10 16:05:03', '2026-04-10 16:05:45', 0, '2026-04-10 09:05:03'),
(264, 125, 'MANUAL', 13, 'done', '2026-04-10 16:06:05', '2026-04-10 16:06:09', 0, '2026-04-10 09:06:05'),
(265, 126, 'MANUAL', 13, 'done', '2026-04-13 08:44:34', '2026-04-13 08:45:19', 0, '2026-04-13 01:44:34'),
(266, 126, 'CMM', 13, 'done', '2026-04-13 08:45:27', '2026-04-13 08:55:42', 0, '2026-04-13 01:45:27'),
(267, 127, 'MANUAL', 13, 'done', '2026-04-13 08:59:01', '2026-04-13 09:02:15', 0, '2026-04-13 01:59:01'),
(268, 128, 'RUNCOM', 13, 'done', '2026-04-13 09:04:27', '2026-04-13 09:16:36', 0, '2026-04-13 02:04:27'),
(269, 130, 'CMM', 14, 'done', '2026-04-13 09:16:31', '2026-04-13 09:20:09', 0, '2026-04-13 02:16:31'),
(270, 131, 'CMM', 20, 'done', '2026-04-13 09:24:09', '2026-04-13 09:28:07', 0, '2026-04-13 02:24:09'),
(271, 130, 'RUNCOM', 14, 'done', '2026-04-13 09:25:50', '2026-04-13 09:36:20', 0, '2026-04-13 02:25:50'),
(272, 131, 'ROUGHNESS', 20, 'done', '2026-04-13 09:28:57', '2026-04-13 09:33:21', 0, '2026-04-13 02:28:57'),
(273, 128, 'ROUGHNESS', 14, 'done', '2026-04-13 09:32:12', '2026-04-13 09:34:15', 0, '2026-04-13 02:32:12'),
(274, 131, 'PROFIL', 20, 'done', '2026-04-13 09:33:51', '2026-04-13 09:35:10', 0, '2026-04-13 02:33:51'),
(275, 131, 'MANUAL', 20, 'done', '2026-04-13 09:35:20', '2026-04-13 09:37:57', 0, '2026-04-13 02:35:20'),
(276, 132, 'CONTOURE', 13, 'done', '2026-04-13 09:35:24', '2026-04-13 09:42:02', 0, '2026-04-13 02:35:24'),
(277, 130, 'ROUGHNESS', 14, 'done', '2026-04-13 09:36:40', '2026-04-13 09:44:08', 0, '2026-04-13 02:36:40'),
(278, 132, 'ROUGHNESS', 13, 'done', '2026-04-13 09:42:33', '2026-04-13 09:46:00', 0, '2026-04-13 02:42:33'),
(279, 130, 'MANUAL', 14, 'done', '2026-04-13 09:44:54', '2026-04-13 09:47:15', 0, '2026-04-13 02:44:54'),
(280, 132, 'RUNCOM', 13, 'done', '2026-04-13 09:46:17', '2026-04-13 10:00:21', 0, '2026-04-13 02:46:17'),
(281, 133, 'ROUGHNESS', 14, 'done', '2026-04-13 09:51:35', '2026-04-13 09:55:56', 0, '2026-04-13 02:51:35'),
(282, 133, 'MANUAL', 14, 'done', '2026-04-13 09:57:12', '2026-04-13 09:58:36', 0, '2026-04-13 02:57:12'),
(283, 134, 'CMM', 20, 'done', '2026-04-13 09:58:11', '2026-04-13 10:02:42', 0, '2026-04-13 02:58:11'),
(284, 132, 'MANUAL', 13, 'done', '2026-04-13 10:00:37', '2026-04-13 10:13:48', 0, '2026-04-13 03:00:37'),
(285, 135, 'ROUGHNESS', 14, 'done', '2026-04-13 10:01:10', '2026-04-13 10:05:30', 0, '2026-04-13 03:01:10'),
(286, 134, 'ROUGHNESS', 20, 'done', '2026-04-13 10:02:58', '2026-04-13 10:06:31', 0, '2026-04-13 03:02:58'),
(287, 135, 'MANUAL', 14, 'done', '2026-04-13 10:05:42', '2026-04-13 10:07:54', 0, '2026-04-13 03:05:42'),
(288, 134, 'MANUAL', 20, 'done', '2026-04-13 10:06:55', '2026-04-13 10:10:36', 0, '2026-04-13 03:06:55'),
(289, 132, 'PROFIL', 13, 'done', '2026-04-13 10:14:02', '2026-04-13 10:15:43', 0, '2026-04-13 03:14:02'),
(290, 129, 'ROUGHNESS', 14, 'done', '2026-04-13 10:14:06', '2026-04-13 10:26:33', 0, '2026-04-13 03:14:06'),
(291, 136, 'ROUGHNESS', 13, 'done', '2026-04-13 10:18:50', '2026-04-13 10:19:57', 0, '2026-04-13 03:18:50'),
(292, 136, 'MANUAL', 13, 'done', '2026-04-13 10:20:09', '2026-04-13 11:20:12', 0, '2026-04-13 03:20:09'),
(293, 129, 'RUNCOM', 14, 'done', '2026-04-13 10:27:50', '2026-04-13 10:52:33', 0, '2026-04-13 03:27:50'),
(294, 129, 'MANUAL', 14, 'done', '2026-04-13 10:53:54', '2026-04-13 11:54:08', 0, '2026-04-13 03:53:54'),
(295, 138, 'CMM', 20, 'done', '2026-04-13 10:59:59', '2026-04-13 11:08:59', 0, '2026-04-13 03:59:59'),
(296, 137, 'CMM', 20, 'done', '2026-04-13 11:10:01', '2026-04-13 11:15:01', 0, '2026-04-13 04:10:01'),
(297, 138, 'ROUGHNESS', 20, 'done', '2026-04-13 11:16:11', '2026-04-13 11:29:40', 0, '2026-04-13 04:16:11'),
(298, 137, 'ROUGHNESS', 20, 'done', '2026-04-13 11:30:15', '2026-04-13 11:38:05', 0, '2026-04-13 04:30:15'),
(299, 139, 'CMM', 7, 'done', '2026-04-14 09:02:21', '2026-04-14 10:52:59', 0, '2026-04-14 02:02:21'),
(300, 140, '', 7, 'done', '2026-04-14 11:06:49', '2026-04-14 11:06:54', 0, '2026-04-14 04:06:49'),
(301, 140, '', 7, 'done', '2026-04-14 11:08:30', '2026-04-14 11:11:31', 0, '2026-04-14 04:08:30'),
(302, 140, 'ROUGHNESS', 7, 'done', '2026-04-14 11:25:03', '2026-04-14 11:25:06', 0, '2026-04-14 04:25:03'),
(303, 140, '', 7, 'done', '2026-04-14 11:25:42', '2026-04-14 11:25:47', 0, '2026-04-14 04:25:42'),
(304, 140, '', 7, 'done', '2026-04-14 11:26:30', '2026-04-14 11:27:33', 0, '2026-04-14 04:26:30'),
(305, 139, 'ROUGHNESS', 7, 'in_progress', '2026-04-14 11:28:06', NULL, 0, '2026-04-14 04:28:06');

-- --------------------------------------------------------

--
-- Table structure for table `sampling_progress`
--

CREATE TABLE `sampling_progress` (
  `id` int(11) NOT NULL,
  `order_id` int(11) NOT NULL,
  `qc_user_id` int(11) NOT NULL,
  `qc_machine` enum('CMM','RUNCOM','ROUGHNESS/CONTOURE') NOT NULL,
  `start_time` datetime DEFAULT NULL,
  `progress_percent` int(11) DEFAULT 0,
  `end_time` datetime DEFAULT NULL,
  `status` enum('assigned','in_progress','done') DEFAULT 'assigned'
) ENGINE=InnoDB DEFAULT CHARSET=utf8mb4 COLLATE=utf8mb4_general_ci;

--
-- Dumping data for table `sampling_progress`
--

INSERT INTO `sampling_progress` (`id`, `order_id`, `qc_user_id`, `qc_machine`, `start_time`, `progress_percent`, `end_time`, `status`) VALUES
(1, 2, 2, 'CMM', '2026-03-17 08:20:09', 100, '2026-03-17 14:42:52', 'done'),
(2, 1, 2, 'CMM', '2026-03-17 08:20:55', 100, '2026-03-17 14:42:52', 'done'),
(3, 3, 2, 'CMM', '2026-03-17 08:30:29', 100, '2026-03-17 14:42:52', 'done'),
(4, 4, 2, 'CMM', '2026-03-17 08:37:44', 100, '2026-03-17 14:42:52', 'done'),
(5, 8, 4, 'RUNCOM', '2026-03-17 09:41:46', 100, '2026-03-17 13:37:40', 'done'),
(6, 5, 4, 'RUNCOM', '2026-03-17 09:54:41', 100, '2026-03-17 14:42:52', 'done'),
(7, 7, 4, 'ROUGHNESS/CONTOURE', '2026-03-17 11:04:57', 100, '2026-03-17 14:42:52', 'done'),
(8, 6, 4, 'CMM', '2026-03-17 14:43:07', 100, '2026-03-17 14:43:39', 'done'),
(9, 10, 4, 'RUNCOM', '2026-03-17 14:58:49', 100, '2026-03-17 15:40:08', 'done'),
(10, 9, 4, 'RUNCOM', '2026-03-17 15:52:47', 100, '2026-03-18 07:04:16', 'done'),
(11, 11, 4, 'RUNCOM', '2026-03-18 07:15:35', 100, '2026-03-18 07:42:37', 'done'),
(12, 14, 4, 'RUNCOM', '2026-03-18 09:38:36', 100, '2026-03-18 09:39:39', 'done'),
(13, 13, 4, 'CMM', '2026-03-18 10:05:31', 100, '2026-03-18 11:06:12', 'done'),
(14, 16, 4, 'RUNCOM', '2026-03-18 10:22:26', 0, NULL, 'in_progress'),
(15, 15, 4, 'CMM', '2026-03-18 10:29:02', 100, '2026-03-18 10:31:18', 'done'),
(16, 17, 4, 'CMM', '2026-03-18 11:02:03', 100, '2026-03-18 11:06:54', 'done');

-- --------------------------------------------------------

--
-- Table structure for table `users`
--

CREATE TABLE `users` (
  `id` int(11) NOT NULL,
  `nik` varchar(20) DEFAULT NULL,
  `nama` varchar(100) NOT NULL,
  `password` varchar(255) NOT NULL,
  `role` enum('admin','operator','qc') NOT NULL,
  `status` tinyint(1) DEFAULT 1,
  `created_at` timestamp NOT NULL DEFAULT current_timestamp()
) ENGINE=InnoDB DEFAULT CHARSET=utf8mb4 COLLATE=utf8mb4_general_ci;

--
-- Dumping data for table `users`
--

INSERT INTO `users` (`id`, `nik`, `nama`, `password`, `role`, `status`, `created_at`) VALUES
(6, '2019092', 'ZAINUDDIN', '12345', 'qc', 1, '2026-04-06 06:13:22'),
(7, '2015002', 'BASAR', '12345', 'qc', 1, '2026-04-06 06:13:22'),
(8, '1992005', 'ABDUL', '12345', 'qc', 1, '2026-04-06 06:13:22'),
(9, '1992007', 'YOMIN', '12345', 'qc', 1, '2026-04-06 06:13:22'),
(10, '2007009', 'TAUFIK', '12345', 'qc', 1, '2026-04-06 06:13:22'),
(11, '2007010', 'SURYANA', '12345', 'qc', 1, '2026-04-06 06:13:22'),
(12, '2008002', 'WELMAN', '12345', 'qc', 1, '2026-04-06 06:13:22'),
(13, '2012003', 'DARMANSYAH', '12345', 'qc', 1, '2026-04-06 06:13:22'),
(14, '2013004', 'BAYU', '12345', 'qc', 1, '2026-04-06 06:13:22'),
(15, '2013006', 'MAULINDRA', '12345', 'qc', 1, '2026-04-06 06:13:22'),
(16, '2013026', 'DONI', '12345', 'qc', 1, '2026-04-06 06:13:22'),
(17, '2013041', 'HAMBALI', '12345', 'qc', 1, '2026-04-06 06:13:22'),
(18, '2017057', 'RANDY', '12345', 'qc', 1, '2026-04-06 06:13:22'),
(19, '2019022', 'SYAMSUDIN', '12345', 'qc', 1, '2026-04-06 06:13:22'),
(20, '220215', 'DEDE', '12345', 'qc', 1, '2026-04-06 06:13:22'),
(21, '220098', 'YAHYA', '12345', 'qc', 1, '2026-04-06 06:13:22');

--
-- Indexes for dumped tables
--

--
-- Indexes for table `master_lines`
--
ALTER TABLE `master_lines`
  ADD PRIMARY KEY (`id`);

--
-- Indexes for table `master_machines`
--
ALTER TABLE `master_machines`
  ADD PRIMARY KEY (`id`);

--
-- Indexes for table `master_parts`
--
ALTER TABLE `master_parts`
  ADD PRIMARY KEY (`id`);

--
-- Indexes for table `sampling_orders`
--
ALTER TABLE `sampling_orders`
  ADD PRIMARY KEY (`id`);

--
-- Indexes for table `sampling_process_steps`
--
ALTER TABLE `sampling_process_steps`
  ADD PRIMARY KEY (`id`);

--
-- Indexes for table `sampling_progress`
--
ALTER TABLE `sampling_progress`
  ADD PRIMARY KEY (`id`);

--
-- Indexes for table `users`
--
ALTER TABLE `users`
  ADD PRIMARY KEY (`id`),
  ADD UNIQUE KEY `nik` (`nik`);

--
-- AUTO_INCREMENT for dumped tables
--

--
-- AUTO_INCREMENT for table `master_lines`
--
ALTER TABLE `master_lines`
  MODIFY `id` int(11) NOT NULL AUTO_INCREMENT, AUTO_INCREMENT=17;

--
-- AUTO_INCREMENT for table `master_machines`
--
ALTER TABLE `master_machines`
  MODIFY `id` int(11) NOT NULL AUTO_INCREMENT, AUTO_INCREMENT=136;

--
-- AUTO_INCREMENT for table `master_parts`
--
ALTER TABLE `master_parts`
  MODIFY `id` int(11) NOT NULL AUTO_INCREMENT, AUTO_INCREMENT=217;

--
-- AUTO_INCREMENT for table `sampling_orders`
--
ALTER TABLE `sampling_orders`
  MODIFY `id` int(11) NOT NULL AUTO_INCREMENT, AUTO_INCREMENT=141;

--
-- AUTO_INCREMENT for table `sampling_process_steps`
--
ALTER TABLE `sampling_process_steps`
  MODIFY `id` int(11) NOT NULL AUTO_INCREMENT, AUTO_INCREMENT=306;

--
-- AUTO_INCREMENT for table `sampling_progress`
--
ALTER TABLE `sampling_progress`
  MODIFY `id` int(11) NOT NULL AUTO_INCREMENT, AUTO_INCREMENT=17;

--
-- AUTO_INCREMENT for table `users`
--
ALTER TABLE `users`
  MODIFY `id` int(11) NOT NULL AUTO_INCREMENT, AUTO_INCREMENT=22;
COMMIT;

/*!40101 SET CHARACTER_SET_CLIENT=@OLD_CHARACTER_SET_CLIENT */;
/*!40101 SET CHARACTER_SET_RESULTS=@OLD_CHARACTER_SET_RESULTS */;
/*!40101 SET COLLATION_CONNECTION=@OLD_COLLATION_CONNECTION */;
